{
  "model": "xgboost",
  "AUC": 0.5081300813008129,
  "AP": 0.026881720430107527,
  "KS": 0.26016260162601623,
  "best_threshold_KS": 0.00027695074095390737,
  "confusion_matrix": [
    [
      32,
      91
    ],
    [
      0,
      2
    ]
  ],
  "classification_report": "              precision    recall  f1-score   support\n\n           0     1.0000    0.2602    0.4129       123\n           1     0.0215    1.0000    0.0421         2\n\n    accuracy                         0.2720       125\n   macro avg     0.5108    0.6301    0.2275       125\nweighted avg     0.9843    0.2720    0.4070       125\n"
}