模型名称,AUC,AP,KS
train_logistic,0.642300,0.032900,0.642300
train_extratrees,0.595500,0.049700,0.410600
train_xgboost,0.447200,0.022600,0.317100
train_linear_regression,0.596800,0.019600,0.596800
ensemble_top2,0.483265,0.021673,0.179592
