模型名称,AUC,AP,KS
train_logistic,0.687,0.037,0.6748
train_extratrees,0.5955,0.0497,0.4106
train_xgboost,0.4593,0.0236,0.2927
train_linear_regression,0.7927,0.0544,0.7398
ensemble_top2,0.466938775510204,0.020355148302777605,0.16326530612244897
