模型名称,AUC,AP,KS
train_logistic,0.6423,0.0329,0.6423
train_extratrees,0.5955,0.0497,0.4106
train_xgboost,0.4472,0.0226,0.3171
train_linear_regression,0.5968,0.0196,0.5968
ensemble_top2,0.48326530612244895,0.021673421695433362,0.17959183673469387
