模型名称,AUC,AP,KS
train_logistic,0.7631,0.0794,0.6756
train_extratrees,0.7388,0.0742,0.6448
ensemble_logistic_extratrees,0.5097959183673471,0.023332183715176084,0.17755102040816328
